{
    "expandTips": "点击展开",
    "signIn": "登录/注册",
    "login": "登录",
    "join": "注册",
    "loginViaPhone": "通过手机验证码登录",
    "loginViaAccount": "通过账户密码登录",
    "goBackToLogin": "返回登录页面",
    "forgotPassword": "忘记密码",
    "resetPassword": "重置密码",
    "chooseOtpMethodLabel": "没有收到验证码？",
    "chooseOtpMethodTitle": "选择获取验证码方式",
    "otpBySms": "通过短信方式接收",
    "otpByCall": "通过电话方式接收",
    "readUserTerms": "我已阅读并且同意本平台相关的用户协议",
    "send": "发送",
    "recentGames": "近期游戏",
    "hot": "热门",
    "live": "真人",
    "slot": "老虎机",
    "egame": "电子",
    "chess": "棋牌",
    "sports": "体育",
    "more": "更多",
    "social": "社交媒体",
    "unbound": "未绑定",
    "unset": "未设置",
    "reset": "重置",
    "return": "返回",
    "toBind": "去绑定",
    "toAuth": "去验证",
    "toSet": "去设置",
    "toChange": "去修改",
    "authenticating": "验证中",
    "authenticated": "已验证",
    "unauthorized": "未验证",
    "authFail": "验证失败",
    "eventDetail": "活动详情",
    "eventRules": "活动规则",
    "confirm": "确认",
    "nextStep": "下一步",
    "status": "状态",
    "status.completed": "完成",
    "status.fail": "失败",
    "status.processing": "处理中",
    "loading": "加载中",
    "noMore": "没有更多了",
    "bet": "下注",
    "addCard": "添加一张",
    "pleaseSelect": "请选择",
    "submit": "提交",
    "bankTransfer": "银行转账",
    "toPay": "去支付",
    "copy": "复制",
    "upload": "上传",
    "success": "成功",
    "available": "可用",
    "all": "全部",
    "filter": "筛选",
    "baccarat": "百家乐",
    "dragonTiger": "龙虎",
    "roulette": "轮盘",
    "sicbo": "骰宝",
    "poker": "扑克",
    "blackjack": "21点",
    "machines": "老虎机",
    "jackpot": "大奖池",
    "arcade": "街机",
    "fishing": "捕鱼",
    "cock": "赛马",
    "esports": "电竞",
    "lottery": "彩票",
    "discJolt": "色碟",
    "close": "关闭",
    "search": "搜索",
    "noRecords": "暂无数据",
    "hotGames": "热门游戏",
    "tc": "用户条款",
    "rg": "免责声明",
    "about": "关于我们",
    "contact": "联系我们",
    "pp": "隐私政策",
    "clean": "清除",
    "agree": "我同意",
    "tips": "提示",
    "last30": "默认最近30天",
    "default": "默认",
    "enrollIn": "报名参加",
    "from": "从",
    "to": "至",
    "participated": "已参加",
    "enrollInNow": "立即参加",
    "thinkMore": "我再想想",
    "copyRight": "版权所有",
    "other": "其他",
    "items": "个",
    "unLike": "取消收藏",
    "joinDuration": "加入GG8{}天",
    "hotSports": "热门体育",
    "hotMatches": "热门赛事",
    "hotLive": "真人娱乐",
    "totalBet": "总投注",
    "totalValidBet": "总有效投注",
    "totalWin": "总输赢",
    "total": "总额",
    "betNow": "立即投注",
    "gameName": "游戏名称",
    "betAmount": "投注额",
    "validBet": "有效投注额",
    "payout": "输赢",
    "promo1": "新客户首存彩金",
    "promo2": "100% 体育保险彩金",
    "advantages": "我们的优势",
    "promo": "优惠",
    "bonus": "返水",
    "reverse": "冲正",
    "download": "下载",
    "goGame": "继续游戏",
    "goDeposit": "去充值",
    "sideRecords": "交易记录 ",
    "sideApp": "下载APP",
    "sideContact": "联系我们",
    "sidePhone": "客服电话",
    "sideTop": "回到顶部"
}
