{
    "title": "联系我们",
    "description": "您有问题要回答或想给我们建议。不要犹豫，随时与我们联系，您的每一个意见或建议都是我们进一步改进的动力源泉，以便一天比一天更好地为您服务。我们支持当今大多数形式的联系。以下联系方式等（具体看现有支持的联系方式，点击各联系方式能直接使用最好）",
    "tutorials": [
        {
            "icon": "/assets/contact/icon-tutorial-deposit.svg",
            "title": "充值教程",
            "desc": "查看详情",
            "link": "/tutorials/recharge"
        },
        {
            "icon": "/assets/contact/icon-tutorial-withdrawal.svg",
            "title": "提款教程",
            "desc": "查看详情",
            "link": "/tutorials/withdrawal"
        },
        {
            "icon": "/assets/contact/icon-tutorial-deposit.svg",
            "title": "优惠活动",
            "desc": "查看详情",
            "link": "/promo"
        }
    ],
    "socialMedia": {
        "facebook": {
            "label": "Facebook",
            "link": "https://facebook.com"
        },
        "messenger": {
            "label": "Messenger",
            "link": "https://facebook.com"
        },
        "email": {
            "label": "Facebook",
            "link": "mailto:help@gg8.com"
        },
        "instagram": {
            "label": "Instagram",
            "link": "https://instagram.com"
        },
        "twitter": {
            "label": "Twitter",
            "link": "https://twitter.com"
        },
        "zalo": {
            "label": "Zalo",
            "link": "https://facebook.com"
        }
    },
    "downloadLabel": "下载app，随时联系我们",
    "downloadIosLink": "https://apps.apple.com/us/app/facebook/id284882215",
    "downloadAndroidLink": "https://play.google.com/store/apps/details?id=com.facebook.katana&hl=en&gl=US"
}
