{
    "phoneNumber": "手机号",
    "verifyCode": "验证码",
    "account": "用户名/手机号",
    "username": "用户名",
    "password": "密码",
    "oldPassword": "老密码",
    "oldWalletPassword": "老资金密码",
    "newPassword": "新密码",
    "passwordAgain": "确认密码",
    "walletPassword": "资金密码",
    "phone": "手机",
    "email": "邮箱",
    "authentication": "实名认证",
    "lastLoginTime": "最近登录时间",
    "lastLoginIP": "最近登录IP",
    "startDate": "开始时间",
    "endDate": "结束时间",
    "bankName": "银行名称",
    "accountName": "姓名",
    "accountNo": "卡号",
    "transferType": "转账类型",
    "amount": "金额",
    "receiveAccount": "收款账号",
    "comment": "备注",
    "searchGame": "搜索您的游戏",
    "myBankCards": "我的银行卡"
}
