{
    "required": "有必要信息未填写",
    "passwordAgain": "两次输入密码不一致",
    "success": "成功",
    "joinSuccess": "注册成功",
    "resetSuccess": "重置密码成功",
    "readUserTerms": "请勾选同意用户协议",
    "passwordRule": "密码必须为数字和字符组成，并不低于6位字符",
    "walletPasswordRule": "资金密码必须为6位数字",
    "forgotPassword": "请联系我们的客服进行重置密码",
    "verifyPhone": "我们将会发送一条验证码到您绑定的手机号",
    "verifyCodeSent": "验证码已发送",
    "addCardsLimit": "最多添加5张银行卡",
    "deleteCard": "您确定要删除这张银行卡吗？",
    "addCardsFirst": "注意： 为了您的资金安全，请添加您自己的银行卡，成功添加的第一张银行卡后，后续只能添加同名银行卡",
    "confirmPayment": "您确定已经完成支付了吗？",
    "uploadTips": "完成银行转账后，请上传转账凭证",
    "uploadSlipNeeded": "上传凭证",
    "checkTransaction": "我们将尽快进行审核，请耐心等候",
    "copied": "复制成功",
    "fillInNotes": "转账时，请务必备注您的游戏账号，方便我们快速为您进行充值",
    "fillInTips": "完成转账后，请填写相关转账信息",
    "lowBalance": "您的余额不足，是否现在前往充值？",
    "needSetWalletPassword": "您需要先设置资金密码, 现在去设置？",
    "logoutConfirm": "确定要退出当前登录状态吗?",
    "phoneRule": "请输入正确的9到11位数字的手机格式",
    "bottomInfo": "GG8相比其他游戏平台提供的游戏种类不仅众多，而且都是通过精心挑选的高品质游戏，并且会定期发布充满惊喜的促销活动。 我们为您打开运气之门，在这里您可以畅游电子竞技进化、赌场、斗鸡、真人娱乐场、体育博彩和老虎机的世界。",
    "enrollInMsg": "请联系我们的客服，报名参加此项活动",
    "gameHistoryUpdate": "游戏结束一到两分钟之内同步数据",
    "confirmEnrollIn": "你确定要参加此活动吗？",
    "scanQrDownload": "手机扫描二维码",
    "notSupportedMobile": "抱歉，暂时不支持，请前往我们的PC网站进行该平台的游戏",
    "tipsReturn": "即将前往第三方站点，返回当前页，手指按住屏幕左侧边缘向右滑动即可。",
    "ruleNumber": "请输入数字",
    "notAllowIP": "只有越南IP才能进入游戏",
    "atLeast3": "至少输入3个字符进行搜索",
    "noResponse": "api服务器无响应，请稍后再试。",
    "needBankCard": "为了快速获取到奖励和进行提现，请先绑定银行卡。",
    "onlyMobile": "此游戏仅支持手机模式",
    "spaceName": "名称之间需要有空格",
    "emailRule": "请输入正确的游戏地址",
    "addBankCard": "请确认银行卡号是否正确，如有错误，系统将无法出款， 谢谢"
}
