{
    "vipProgress": "VIP 进度",
    "currentFlowLabel": "当前流水",
    "moreInfoLabel": "说明",
    "vipLevelLabel": "VIP 等级",
    "vipLevelDialogTitle": "VIP 等级说明",
    "vipLevelDialogItems": [
        "达到要求的投注额后，系统会自动更新VIP俱乐部会员。",
        "保级流水为用户升级后90天内的有效流水。保级失败后会员等级自动将为下一个等级，直到退出会员俱乐部。",
        "VIP俱乐部会员等级不可转让给他人。",
        "官方有权为每个会员调整相应的VIP等级，每个不同的VIP等级将享受适合该会员等级的不同特权。",
        "所有VIP的细节及说明，最终解释权归官方所有。"
    ],
    "vipCardCurrentLevel": "当前等级",
    "vipCardUpgrade": "升级所需流水：",
    "vipCardRelegation": "保级流水：",
    "rebatesLabel": "游戏返水",
    "rebatesDialogTitle": "VIP 返水说明",
    "rebatesDialogItems": [
        "为了让VIP保持会员身份，所有促销活动将帮助会员达到累积存款门槛。",
        "VIP特惠是根据当月累计有效投注金额计算，确保VIP会员保有头衔。",
        "以上所有优惠，都需要满足投注倍数才能提款。",
        "官方有权编辑、实施、扩大规模以及取消部分优惠内容。"
    ],
    "gameTypeLabel": "游戏类",
    "rebatesGameTypes": {
        "TY": "体育",
        "SX": "真人",
        "CP": "彩票",
        "DZ": "电子",
        "BY": "捕鱼",
        "QP": "棋牌",
        "SLOT": "老虎机",
        "DJ": "电竞",
        "SB": "骰宝",
        "SD": "色碟"
    },
    "specialBonusLabel": "特别奖励",
    "bonusProportion": "奖励比例",
    "bonusMaxLimit": "奖励上限",
    "conditionsHeading": "协议和条款",
    "conditions": [
        "VIP 特权和超级特权仅在收到之前的促销优惠后有效，并且不与之前的促销优惠一起累积。",
        "会员使用VIP条款和特权，故意在条款中使用会员优先/偏好，或利用特权影响其他玩家，官方有权立即撤销特权。",
        "官方保留随时更改活动内容，以及扩大、取消或终止部分或全部活动的权利，恕不另行通知会员。在这种情况下，官方职员会尽快向会员发送说明。",
        "VIP特价优惠活动将不定期在活动页面公布，请注意关注活动页面以获取最早的优惠。",
        "VIP会员专属客服将通过会员电话或邮件通知最新的VIP专属优惠。因此，为了不会错过任何优惠活动，请确保您所提供的信息是属实及正确。",
        "VIP详情及说明，最终解释权归官方所有。"
    ]
}
