{
    "expandTips": "click to expand",
    "signIn": "Log in/Join",
    "login": "Log in",
    "join": "Join",
    "loginViaPhone": "Login in via phone verify code",
    "loginViaAccount": "Login via account and password",
    "goBackToLogin": "Back to Login",
    "forgotPassword": "Forgot password",
    "resetPassword": "Reset password",
    "chooseOtpMethodLabel": "Didn't receive verification code?",
    "chooseOtpMethodTitle": "Choose verification method",
    "otpBySms": "Verify By SMS",
    "otpByCall": "Answer Phone Verification",
    "readUserTerms": "I have read and agree to our terms of service",
    "send": "Send",
    "recentGames": "Recent Games",
    "live": "live",
    "slot": "slot",
    "egame": "egame",
    "sports": "sports",
    "lottery": "lottery",
    "discJolt": "disc jolt",
    "more": "more",
    "social": "social media",
    "unbound": "unbound",
    "unset": "unset",
    "reset": "reset",
    "return": "return",
    "toBind": "to bind",
    "toAuth": "to auth",
    "toSet": "to set",
    "toChange": "to change",
    "authenticating": "authenticating",
    "authenticated": "authenticated",
    "unauthorized": "unauthorized",
    "authFail": "auth failed",
    "eventDetail": "event detail",
    "eventRules": "event rules",
    "confirm": "Confirm",
    "nextStep": "Next Step",
    "status": "status",
    "status.completed": "completed",
    "status.fail": "fail",
    "status.processing": "processing",
    "loading": "loading",
    "noMore": "no more",
    "bet": "bet",
    "addCard": "Add a card",
    "pleaseSelect": "please select",
    "submit": "submit",
    "bankTransfer": "bank transfer",
    "toPay": "to pay",
    "copy": "copy",
    "upload": "upload",
    "success": "success",
    "available": "available",
    "all": "all",
    "filter": "filter",
    "baccarat": "baccarat",
    "dragonTiger": "dragon tiger",
    "roulette": "roulette",
    "sicbo": "sic bo",
    "poker": "poker",
    "blackjack": "black jack",
    "machines": "machines",
    "jackpot": "jackpot",
    "arcade": "arcade",
    "fishing": "fishing",
    "esports": "esports",
    "close": "close",
    "search": "search",
    "noRecords": "no records",
    "hotGames": "hot games",
    "tc": "terms & conditions",
    "rg": "responsible gaming",
    "about": "About Us",
    "contact": "Contact Us",
    "pp": "privacy policy",
    "clean": "Clean",
    "agree": "I Agree",
    "tips": "Tips",
    "last30": "default last 30 days",
    "default": "Default",
    "enrollIn": "Join Event",
    "from": "from",
    "to": "to",
    "participated": "Already Joined",
    "enrollInNow": "Join Now",
    "thinkMore": "Maybe Later",
    "copyRight": "All Rights Reserved",
    "other": "other",
    "items": "items",
    "unLike": "dislike",
    "joinDuration": "{} day of joining GG8",
    "hotSports": "hot sports",
    "hotMatches": "hot matches",
    "hotLive": "live casino",
    "totalBet": "total bet",
    "totalValidBet": "total valid bet",
    "totalWin": "total win",
    "total": "total",
    "betNow": "bet now",
    "gameName": "Game Name",
    "betAmount": "Bet",
    "validBet": "Valid Bet",
    "payout": "Win/Lose",
    "promo1": "New Customer First Deposit Bonus",
    "promo2": "100% Sports Betting Bonus",
    "advantages": "our advantages",
    "promo": "promo",
    "bonus": "bonus",
    "reverse": "reverse",
    "download": "download",
    "goGame": "play game",
    "goDeposit": "deposit now",
    "sideRecords": "Transactions",
    "sideApp": "Download APP",
    "sideContact": "Contact Us",
    "sidePhone": "Call Us",
    "sideTop": "To Top"
}
