{
    "phoneNumber": "Phone Number",
    "verifyCode": "Verification Code",
    "account": "Username/Phone Number",
    "username": "Username",
    "password": "Password",
    "oldPassword": "Old Password",
    "oldWalletPassword": "Old Wallet Password",
    "newPassword": "New Password",
    "passwordAgain": "Confirm Password",
    "walletPassword": "Wallet Password",
    "phone": "Phone",
    "email": "Email",
    "authentication": "Authentication",
    "lastLoginTime": "Last Login Time",
    "lastLoginIP": "Last Login IP",
    "startDate": "Start Date",
    "endDate": "End Date",
    "bankName": "Bank Name",
    "accountName": "Account Name",
    "accountNo": "Account No.",
    "transferType": "Transfer Type",
    "amount": "Amount",
    "receiveAccount": "Receiving Account",
    "comment": "Comment",
    "searchGame": "Search your game",
    "myBankCards": "my bank cards"
}
