{
    "expandTips": "Xem thêm",
    "signIn": "Đăng nhập/Đăng ký",
    "login": "Đăng nhập",
    "join": "Đăng ký",
    "loginViaPhone": "Đăng nhập bằng mã xác nhận ",
    "loginViaAccount": "Đăng nhập bằng tài khoản và mật khẩu",
    "goBackToLogin": "Quay lại Đăng nhập",
    "forgotPassword": "Quên mật khẩu",
    "resetPassword": "Đổi mật khẩu",
    "chooseOtpMethodLabel": "Không nhận được mã xác nhận?",
    "chooseOtpMethodTitle": "Chọn phương thức nhận mã xác nhận",
    "otpBySms": "Nhận mã qua tin nhắn",
    "otpByCall": "Nhận mã qua cuộc gọi thoại",
    "readUserTerms": "Tôi đã đọc và đồng ý với các điều khoản của Chính sách bảo mật",
    "send": "Gửi",
    "recentGames": "Trò chơi gần đây",
    "live": "Casino",
    "slot": "Slots",
    "egame": "3D GAME",
    "sports": "Thể thao",
    "more": "Thêm",
    "social": "Mạng xã hội",
    "unbound": "Không ràng buộc",
    "unset": "Không cài đặt",
    "reset": "Reset",
    "return": "TRỞ VỀ TRANG CHỦ",
    "toBind": "Liên kết",
    "toAuth": "Xác thực",
    "toSet": "Cài đặt",
    "toChange": "Thay đổi",
    "authenticating": "Đang chứng thực",
    "authenticated": "Đã chứng thực",
    "unauthorized": "Chưa ủy quyền",
    "authFail": "Chứng thực thất bại",
    "eventDetail": "Chi tiết sự kiện",
    "eventRules": "Quy tắc sự kiện",
    "confirm": "Xác nhận",
    "nextStep": "Bước tiếp theo",
    "status": "Trạng thái",
    "status.completed": "Hoàn tất",
    "status.fail": "Thất bại",
    "status.processing": "Đang xử lý",
    "loading": "Đang tải",
    "noMore": "Hết",
    "bet": "Cá cược",
    "addCard": "Thêm thẻ",
    "pleaseSelect": "Vui lòng lựa chọn",
    "submit": "Gửi đi",
    "bankTransfer": "Chuyển khoản ngân hàng",
    "toPay": "Chi trả",
    "copy": "Sao chép",
    "upload": "Tải lên",
    "success": "Thành công",
    "available": "Có sẵn",
    "all": "Tất cả",
    "filter": "Lọc",
    "baccarat": "Game bài",
    "dragonTiger": "Long hổ",
    "roulette": "Cò quay",
    "sicbo": "Tài xỉu",
    "poker": "Xì tố",
    "blackjack": "Xì dách",
    "machines": "Máy",
    "jackpot": "Xổ số",
    "arcade": "Máy đồng xu",
    "fishing": "Bắn cá",
    "cock": "ĐÁ GÀ",
    "esports": "Esports",
    "lottery": "Xổ số",
    "discJolt": "Xóc Đĩa",
    "close": "Đóng",
    "search": "Tìm kiếm",
    "noRecords": "Không có kết quả",
    "hotGames": "Trò chơi nổi bật",
    "tc": "Điều khoản và điều kiện",
    "rg": "Cờ bạc có trách nhiệm",
    "about": "Về chúng tôi",
    "contact": "Liên hệ",
    "pp": "Luật bảo mật",
    "clean": "Xoá",
    "agree": "Tôi đồng ý",
    "tips": "Gợi ý",
    "last30": "Mặc định 30 ngày gần nhất",
    "default": "Mặc định",
    "enrollIn": "Báo danh tham dự",
    "from": "Từ",
    "to": "Đến",
    "participated": "Đã tham gia",
    "enrollInNow": "Tham gia ngay",
    "thinkMore": "Để sau",
    "copyRight": "Đã Đăng Ký Bản Quyền",
    "other": "Khác",
    "items": "Mục",
    "unLike": "Bỏ thích",
    "joinDuration": "Gia nhập WIN1ngày thứ {}",
    "hotSports": "THỂ THAO NỔI BẬT",
    "hotMatches": "SẮP DIỄN RA",
    "hotLive": "live casino",
    "totalBet": "Tổng cược",
    "totalValidBet": "Tổng cược hợp lệ",
    "totalWin": "Tổng lợi nhuận",
    "total": "Tổng",
    "betNow": "CƯỢC NGAY",
    "gameName": "Trò chơi",
    "betAmount": "Tiền cược",
    "validBet": "Tiền cược hợp lệ",
    "payout": "Thắng/Thua",
    "promo1": "ĐĂNG KÝ HỘI VIÊN MỚI TẶNG THƯỞNG NGAY 500K",
    "promo2": "HOÀN TRẢ 100% CƯỢC THỂ THAO",
    "advantages": "Ưu thế của chúng tôi",
    "promo": "Khuyến mãi",
    "bonus": "Hoàn trả",
    "reverse": "Cộng tiền",
    "download": "Tải ứng dụng",
    "goGame": "Vào sảnh trò chơi",
    "goDeposit": "Đi đến nạp tiền",
    "sideRecords": "Thông tin nạp rút",
    "sideApp": "Tải APP",
    "sideContact": "Hỗ trợ",
    "sidePhone": "Điện thoại",
    "sideTop": "To Top"
}
