{
    "phoneNumber": "Số điện thoại",
    "verifyCode": "Mã Xác Nhận 4 Số ",
    "account": "Tên người dùng / số điện thoại",
    "username": "Tên tài khoản",
    "password": "Mật khẩu",
    "oldPassword": "Mật khẩu cũ",
    "oldWalletPassword": "Mật khẩu rút tiền cũ",
    "newPassword": "Mật khẩu mới",
    "passwordAgain": "Xác nhận mật khẩu",
    "walletPassword": "Mật khẩu rút tiền",
    "phone": "Điện thoại",
    "email": "Email",
    "authentication": "Xác thực",
    "lastLoginTime": "Lần đăng nhập cuối cùng",
    "lastLoginIP": "IP đăng nhập cuối cùng",
    "startDate": "Ngày bắt đầu",
    "endDate": "Ngày cuối cùng",
    "bankName": "Tên ngân hàng",
    "accountName": "Tên tài khoản",
    "accountNo": "Số tài khoản",
    "transferType": "Cách thức chuyển khoản",
    "amount": "Số tiền",
    "receiveAccount": "Tài khoản nhận",
    "comment": "Ghi chú",
    "searchGame": "Tìm kiếm trò chơi",
    "myBankCards": "Thẻ ngân hàng của tôi"
}
